ID,AF3_ID,Backbone_smiles,mutation_pos_1,pep_sequence,pep_smiles,length,pep_sequence_model,pep_smiles_model,add_side_temp,add_side_MW,pred_addside_mean_pEC50_GIPR_activity,pred_addside_mean_pEC50_GLP1R_activity,pred_addside_mean_pEC50_GCGR_activity,pred_addside_mean_GIPR_activity,pred_addside_mean_GLP1R_activity,pred_addside_mean_GCGR_activity
Bit-01-R,187,[H]N[C@H](C(NC(C)(C(N[C@@H](CCC(O)=O)C(NCC(N[C@](C(N[C@H](C(N[C@](C(N[C@@H](CO)C(N[C@H](C(N[C@H](C(N[C@@H](CO)C(N[C@](C(N[C@](C(N[C@@H](CC(C)C)C(N[C@H](C(N[C@H](C(N[C@@H](CCCCN)C(N[C@H](C(N[C@@H](CCC(N)=O)C(NC(C)(C(N[C@H](C(N[C@H](C(N[C@](C(N[C@@H](CCC(O)=O)C(N[C@H](C(N[C@@H](CC(C)C)C(N[C@@H](CC(C)C)C(N[C@@H](CCC(O)=O)C(NCC(NCC(N1CCC[C@H]1C(N[C@@H](CO)C(N[C@@H](CCCCN)C(NCC(NCC(N2CCC[C@H]2C(N3CCC[C@H]3C(N4CCC[C@H]4C(N[C@@H](CO)C(O)=O)=O)=O)=O)=O)=O)=O)=O)=O)=O)=O)=O)=O)=O)=O)CC5=CNC6=C5C=CC=C6)=O)=O)([C@@H](C)CC)[H])=O)CC7=CC=CC=C7)=O)C)=O)C)=O)=O)C)=O)=O)C)=O)CC(O)=O)=O)=O)([C@@H](C)CC)[H])=O)([C@@H](C)CC)[H])=O)=O)CC8=CC=C(C=C8)O)=O)CC(O)=O)=O)=O)([C@H](O)C)[H])=O)CC9=CC=CC=C9)=O)([C@H](O)C)[H])=O)=O)=O)C)=O)CC%10=CC=C(O)C=C%10,33,Y--Aib--E--G--T--F--T--S--D--Y--S--I--I--L--D--A--K--A--Q--Aib--A--F--I--E--W--L--L--E--G--G--P--S--K--G--G--P--P--P--S,"['N[C@@H](Cc1ccc(O)cc1)C(=O)O', 'NC(C)(C)C(=O)O', 'N[C@@H](CCC(=O)O)C(=O)O', 'NCC(=O)O', 'N[C@@H]([C@@H](C)O)C(=O)O', 'N[C@@H](Cc1ccccc1)C(=O)O', 'N[C@@H]([C@@H](C)O)C(=O)O', 'N[C@@H](CO)C(=O)O', 'N[C@@H](CC(=O)O)C(=O)O', 'N[C@@H](Cc1ccc(O)cc1)C(=O)O', 'N[C@@H](CO)C(=O)O', 'N[C@@H]([C@H](CC)C)C(=O)O', 'N[C@@H]([C@H](CC)C)C(=O)O', 'N[C@@H](CC(C)C)C(=O)O', 'N[C@@H](CC(=O)O)C(=O)O', 'N[C@@H](C)C(=O)O', 'N[C@@H](CCCCN)C(=O)O', 'N[C@@H](C)C(=O)O', 'N[C@@H](CCC(=O)N)C(=O)O', 'NC(C)(C)C(=O)O', 'N[C@@H](C)C(=O)O', 'N[C@@H](Cc1ccccc1)C(=O)O', 'N[C@@H]([C@H](CC)C)C(=O)O', 'N[C@@H](CCC(=O)O)C(=O)O', 'N[C@@H](Cc1c[nH]c2ccccc12)C(=O)O', 'N[C@@H](CC(C)C)C(=O)O', 'N[C@@H](CC(C)C)C(=O)O', 'N[C@@H](CCC(=O)O)C(=O)O', 'NCC(=O)O', 'NCC(=O)O', 'N1[C@@H](CCC1)C(=O)O', 'N[C@@H](CO)C(=O)O', 'N[C@@H](CCCCN)C(=O)O', 'NCC(=O)O', 'NCC(=O)O', 'N1[C@@H](CCC1)C(=O)O', 'N1[C@@H](CCC1)C(=O)O', 'N1[C@@H](CCC1)C(=O)O', 'N[C@@H](CO)C(=O)O']",39,"['Y', 'Aib', 'E', 'G', 'T', 'F', 'T', 'S', 'D', 'Y', 'S', 'I', 'I', 'L', 'D', 'A', 'K', 'A', 'Q', 'Aib', 'A', 'F', 'I', 'E', 'W', 'L', 'L', 'E', 'G', 'G', 'P', 'S', 'K*', 'G', 'G', 'P', 'P', 'P', 'S']","['N[C@@H](Cc1ccc(O)cc1)C(=O)O', 'NC(C)(C)C(=O)O', 'N[C@@H](CCC(=O)O)C(=O)O', 'NCC(=O)O', 'N[C@@H]([C@@H](C)O)C(=O)O', 'N[C@@H](Cc1ccccc1)C(=O)O', 'N[C@@H]([C@@H](C)O)C(=O)O', 'N[C@@H](CO)C(=O)O', 'N[C@@H](CC(=O)O)C(=O)O', 'N[C@@H](Cc1ccc(O)cc1)C(=O)O', 'N[C@@H](CO)C(=O)O', 'N[C@@H]([C@H](CC)C)C(=O)O', 'N[C@@H]([C@H](CC)C)C(=O)O', 'N[C@@H](CC(C)C)C(=O)O', 'N[C@@H](CC(=O)O)C(=O)O', 'N[C@@H](C)C(=O)O', 'N[C@@H](CCCCN)C(=O)O', 'N[C@@H](C)C(=O)O', 'N[C@@H](CCC(=O)N)C(=O)O', 'NC(C)(C)C(=O)O', 'N[C@@H](C)C(=O)O', 'N[C@@H](Cc1ccccc1)C(=O)O', 'N[C@@H]([C@H](CC)C)C(=O)O', 'N[C@@H](CCC(=O)O)C(=O)O', 'N[C@@H](Cc1c[nH]c2ccccc12)C(=O)O', 'N[C@@H](CC(C)C)C(=O)O', 'N[C@@H](CC(C)C)C(=O)O', 'N[C@@H](CCC(=O)O)C(=O)O', 'NCC(=O)O', 'NCC(=O)O', 'N1[C@@H](CCC1)C(=O)O', 'N[C@@H](CO)C(=O)O', 'N[C@H](C(=O)O)CCCCNC(=O)COCCOCCNC(=O)CC[C@H](NC(=O)CCCCCCCCCCCCCCCCCCC(=O)O)C(=O)O', 'NCC(=O)O', 'NCC(=O)O', 'N1[C@@H](CCC1)C(=O)O', 'N1[C@@H](CCC1)C(=O)O', 'N1[C@@H](CCC1)C(=O)O', 'N[C@@H](CO)C(=O)O']",retatrutide_side,744.968,11.36894571567277,11.177210195515444,6.526863955982723,0.0043,0.0066,297.2597
Bit-01-S,187,[H]N[C@H](C(NC(C)(C(N[C@@H](CCC(O)=O)C(NCC(N[C@](C(N[C@H](C(N[C@](C(N[C@@H](CO)C(N[C@H](C(N[C@H](C(N[C@@H](CO)C(N[C@](C(N[C@](C(N[C@@H](CC(C)C)C(N[C@H](C(N[C@H](C(N[C@@H](CCCCN)C(N[C@H](C(N[C@@H](CCC(N)=O)C(NC(C)(C(N[C@H](C(N[C@H](C(N[C@](C(N[C@@H](CCC(O)=O)C(N[C@H](C(N[C@@H](CC(C)C)C(N[C@@H](CC(C)C)C(N[C@@H](CCC(O)=O)C(NCC(NCC(N1CCC[C@H]1C(N[C@@H](CO)C(N[C@@H](CCCCN)C(NCC(NCC(N2CCC[C@H]2C(N3CCC[C@H]3C(N4CCC[C@H]4C(N[C@@H](CO)C(O)=O)=O)=O)=O)=O)=O)=O)=O)=O)=O)=O)=O)=O)=O)=O)CC5=CNC6=C5C=CC=C6)=O)=O)([C@@H](C)CC)[H])=O)CC7=CC=CC=C7)=O)C)=O)C)=O)=O)C)=O)=O)C)=O)CC(O)=O)=O)=O)([C@@H](C)CC)[H])=O)([C@@H](C)CC)[H])=O)=O)CC8=CC=C(C=C8)O)=O)CC(O)=O)=O)=O)([C@H](O)C)[H])=O)CC9=CC=CC=C9)=O)([C@H](O)C)[H])=O)=O)=O)C)=O)CC%10=CC=C(O)C=C%10,33,Y--Aib--E--G--T--F--T--S--D--Y--S--I--I--L--D--A--K--A--Q--Aib--A--F--I--E--W--L--L--E--G--G--P--S--K--G--G--P--P--P--S,"['N[C@@H](Cc1ccc(O)cc1)C(=O)O', 'NC(C)(C)C(=O)O', 'N[C@@H](CCC(=O)O)C(=O)O', 'NCC(=O)O', 'N[C@@H]([C@@H](C)O)C(=O)O', 'N[C@@H](Cc1ccccc1)C(=O)O', 'N[C@@H]([C@@H](C)O)C(=O)O', 'N[C@@H](CO)C(=O)O', 'N[C@@H](CC(=O)O)C(=O)O', 'N[C@@H](Cc1ccc(O)cc1)C(=O)O', 'N[C@@H](CO)C(=O)O', 'N[C@@H]([C@H](CC)C)C(=O)O', 'N[C@@H]([C@H](CC)C)C(=O)O', 'N[C@@H](CC(C)C)C(=O)O', 'N[C@@H](CC(=O)O)C(=O)O', 'N[C@@H](C)C(=O)O', 'N[C@@H](CCCCN)C(=O)O', 'N[C@@H](C)C(=O)O', 'N[C@@H](CCC(=O)N)C(=O)O', 'NC(C)(C)C(=O)O', 'N[C@@H](C)C(=O)O', 'N[C@@H](Cc1ccccc1)C(=O)O', 'N[C@@H]([C@H](CC)C)C(=O)O', 'N[C@@H](CCC(=O)O)C(=O)O', 'N[C@@H](Cc1c[nH]c2ccccc12)C(=O)O', 'N[C@@H](CC(C)C)C(=O)O', 'N[C@@H](CC(C)C)C(=O)O', 'N[C@@H](CCC(=O)O)C(=O)O', 'NCC(=O)O', 'NCC(=O)O', 'N1[C@@H](CCC1)C(=O)O', 'N[C@@H](CO)C(=O)O', 'N[C@@H](CCCCN)C(=O)O', 'NCC(=O)O', 'NCC(=O)O', 'N1[C@@H](CCC1)C(=O)O', 'N1[C@@H](CCC1)C(=O)O', 'N1[C@@H](CCC1)C(=O)O', 'N[C@@H](CO)C(=O)O']",39,"['Y', 'Aib', 'E', 'G', 'T', 'F', 'T', 'S', 'D', 'Y', 'S', 'I', 'I', 'L', 'D', 'A', 'K', 'A', 'Q', 'Aib', 'A', 'F', 'I', 'E', 'W', 'L', 'L', 'E', 'G', 'G', 'P', 'S', 'K*', 'G', 'G', 'P', 'P', 'P', 'S']","['N[C@@H](Cc1ccc(O)cc1)C(=O)O', 'NC(C)(C)C(=O)O', 'N[C@@H](CCC(=O)O)C(=O)O', 'NCC(=O)O', 'N[C@@H]([C@@H](C)O)C(=O)O', 'N[C@@H](Cc1ccccc1)C(=O)O', 'N[C@@H]([C@@H](C)O)C(=O)O', 'N[C@@H](CO)C(=O)O', 'N[C@@H](CC(=O)O)C(=O)O', 'N[C@@H](Cc1ccc(O)cc1)C(=O)O', 'N[C@@H](CO)C(=O)O', 'N[C@@H]([C@H](CC)C)C(=O)O', 'N[C@@H]([C@H](CC)C)C(=O)O', 'N[C@@H](CC(C)C)C(=O)O', 'N[C@@H](CC(=O)O)C(=O)O', 'N[C@@H](C)C(=O)O', 'N[C@@H](CCCCN)C(=O)O', 'N[C@@H](C)C(=O)O', 'N[C@@H](CCC(=O)N)C(=O)O', 'NC(C)(C)C(=O)O', 'N[C@@H](C)C(=O)O', 'N[C@@H](Cc1ccccc1)C(=O)O', 'N[C@@H]([C@H](CC)C)C(=O)O', 'N[C@@H](CCC(=O)O)C(=O)O', 'N[C@@H](Cc1c[nH]c2ccccc12)C(=O)O', 'N[C@@H](CC(C)C)C(=O)O', 'N[C@@H](CC(C)C)C(=O)O', 'N[C@@H](CCC(=O)O)C(=O)O', 'NCC(=O)O', 'NCC(=O)O', 'N1[C@@H](CCC1)C(=O)O', 'N[C@@H](CO)C(=O)O', 'N[C@H](C(=O)O)CCCCNC(=O)COCCOCCNC(=O)COCCOCCNC(=O)CC[C@@H](NC(=O)CCCCCCCCCCCCCCCCC(=O)O)C(=O)O', 'NCC(=O)O', 'NCC(=O)O', 'N1[C@@H](CCC1)C(=O)O', 'N1[C@@H](CCC1)C(=O)O', 'N1[C@@H](CCC1)C(=O)O', 'N[C@@H](CO)C(=O)O']",semaglutide_side,862.0141,11.210331419373377,10.870700640747279,6.358346016865781,0.0062,0.0135,438.1814
Bit-01-T,187,[H]N[C@H](C(NC(C)(C(N[C@@H](CCC(O)=O)C(NCC(N[C@](C(N[C@H](C(N[C@](C(N[C@@H](CO)C(N[C@H](C(N[C@H](C(N[C@@H](CO)C(N[C@](C(N[C@](C(N[C@@H](CC(C)C)C(N[C@H](C(N[C@H](C(N[C@@H](CCCCN)C(N[C@H](C(N[C@@H](CCC(N)=O)C(NC(C)(C(N[C@H](C(N[C@H](C(N[C@](C(N[C@@H](CCC(O)=O)C(N[C@H](C(N[C@@H](CC(C)C)C(N[C@@H](CC(C)C)C(N[C@@H](CCC(O)=O)C(NCC(NCC(N1CCC[C@H]1C(N[C@@H](CO)C(N[C@@H](CCCCN)C(NCC(NCC(N2CCC[C@H]2C(N3CCC[C@H]3C(N4CCC[C@H]4C(N[C@@H](CO)C(O)=O)=O)=O)=O)=O)=O)=O)=O)=O)=O)=O)=O)=O)=O)=O)CC5=CNC6=C5C=CC=C6)=O)=O)([C@@H](C)CC)[H])=O)CC7=CC=CC=C7)=O)C)=O)C)=O)=O)C)=O)=O)C)=O)CC(O)=O)=O)=O)([C@@H](C)CC)[H])=O)([C@@H](C)CC)[H])=O)=O)CC8=CC=C(C=C8)O)=O)CC(O)=O)=O)=O)([C@H](O)C)[H])=O)CC9=CC=CC=C9)=O)([C@H](O)C)[H])=O)=O)=O)C)=O)CC%10=CC=C(O)C=C%10,33,Y--Aib--E--G--T--F--T--S--D--Y--S--I--I--L--D--A--K--A--Q--Aib--A--F--I--E--W--L--L--E--G--G--P--S--K--G--G--P--P--P--S,"['N[C@@H](Cc1ccc(O)cc1)C(=O)O', 'NC(C)(C)C(=O)O', 'N[C@@H](CCC(=O)O)C(=O)O', 'NCC(=O)O', 'N[C@@H]([C@@H](C)O)C(=O)O', 'N[C@@H](Cc1ccccc1)C(=O)O', 'N[C@@H]([C@@H](C)O)C(=O)O', 'N[C@@H](CO)C(=O)O', 'N[C@@H](CC(=O)O)C(=O)O', 'N[C@@H](Cc1ccc(O)cc1)C(=O)O', 'N[C@@H](CO)C(=O)O', 'N[C@@H]([C@H](CC)C)C(=O)O', 'N[C@@H]([C@H](CC)C)C(=O)O', 'N[C@@H](CC(C)C)C(=O)O', 'N[C@@H](CC(=O)O)C(=O)O', 'N[C@@H](C)C(=O)O', 'N[C@@H](CCCCN)C(=O)O', 'N[C@@H](C)C(=O)O', 'N[C@@H](CCC(=O)N)C(=O)O', 'NC(C)(C)C(=O)O', 'N[C@@H](C)C(=O)O', 'N[C@@H](Cc1ccccc1)C(=O)O', 'N[C@@H]([C@H](CC)C)C(=O)O', 'N[C@@H](CCC(=O)O)C(=O)O', 'N[C@@H](Cc1c[nH]c2ccccc12)C(=O)O', 'N[C@@H](CC(C)C)C(=O)O', 'N[C@@H](CC(C)C)C(=O)O', 'N[C@@H](CCC(=O)O)C(=O)O', 'NCC(=O)O', 'NCC(=O)O', 'N1[C@@H](CCC1)C(=O)O', 'N[C@@H](CO)C(=O)O', 'N[C@@H](CCCCN)C(=O)O', 'NCC(=O)O', 'NCC(=O)O', 'N1[C@@H](CCC1)C(=O)O', 'N1[C@@H](CCC1)C(=O)O', 'N1[C@@H](CCC1)C(=O)O', 'N[C@@H](CO)C(=O)O']",39,"['Y', 'Aib', 'E', 'G', 'T', 'F', 'T', 'S', 'D', 'Y', 'S', 'I', 'I', 'L', 'D', 'A', 'K', 'A', 'Q', 'Aib', 'A', 'F', 'I', 'E', 'W', 'L', 'L', 'E', 'G', 'G', 'P', 'S', 'K*', 'G', 'G', 'P', 'P', 'P', 'S']","['N[C@@H](Cc1ccc(O)cc1)C(=O)O', 'NC(C)(C)C(=O)O', 'N[C@@H](CCC(=O)O)C(=O)O', 'NCC(=O)O', 'N[C@@H]([C@@H](C)O)C(=O)O', 'N[C@@H](Cc1ccccc1)C(=O)O', 'N[C@@H]([C@@H](C)O)C(=O)O', 'N[C@@H](CO)C(=O)O', 'N[C@@H](CC(=O)O)C(=O)O', 'N[C@@H](Cc1ccc(O)cc1)C(=O)O', 'N[C@@H](CO)C(=O)O', 'N[C@@H]([C@H](CC)C)C(=O)O', 'N[C@@H]([C@H](CC)C)C(=O)O', 'N[C@@H](CC(C)C)C(=O)O', 'N[C@@H](CC(=O)O)C(=O)O', 'N[C@@H](C)C(=O)O', 'N[C@@H](CCCCN)C(=O)O', 'N[C@@H](C)C(=O)O', 'N[C@@H](CCC(=O)N)C(=O)O', 'NC(C)(C)C(=O)O', 'N[C@@H](C)C(=O)O', 'N[C@@H](Cc1ccccc1)C(=O)O', 'N[C@@H]([C@H](CC)C)C(=O)O', 'N[C@@H](CCC(=O)O)C(=O)O', 'N[C@@H](Cc1c[nH]c2ccccc12)C(=O)O', 'N[C@@H](CC(C)C)C(=O)O', 'N[C@@H](CC(C)C)C(=O)O', 'N[C@@H](CCC(=O)O)C(=O)O', 'NCC(=O)O', 'NCC(=O)O', 'N1[C@@H](CCC1)C(=O)O', 'N[C@@H](CO)C(=O)O', 'N[C@H](C(=O)O)CCCCNC(=O)COCCOCCNC(=O)COCCOCCNC(=O)CC[C@H](NC(=O)CCCCCCCCCCCCCCCCCCC(=O)O)C(=O)O', 'NCC(=O)O', 'NCC(=O)O', 'N1[C@@H](CCC1)C(=O)O', 'N1[C@@H](CCC1)C(=O)O', 'N1[C@@H](CCC1)C(=O)O', 'N[C@@H](CO)C(=O)O']",tirzepatide_side,890.126,11.260245002030567,10.969176239368245,6.435653221625292,0.0055,0.0107,366.7303
Bit-05-R,49,[H]N[C@H](C(NC(C)(C(N[C@@H](CCC(N)=O)C(NCC(N[C@](C(N[C@H](C(N[C@](C(N[C@@H](CO)C(N[C@H](C(N[C@H](C(N[C@@H](CO)C(N[C@](C(N[C@@H](CC(C)C)C(N[C@@H](CC(C)C)C(N[C@H](C(N[C@@H](CCCCN)C(N[C@@H](CCC(N)=O)C(N[C@H](C(N[C@H](C(NC(C)(C(N[C@@H](CCCNC(N)=N)C(N[C@H](C(N[C@](C(N[C@@H](CCC(O)=O)C(N[C@H](C(N[C@@H](CC(C)C)C(N[C@@H](CC(C)C)C(N[C@@H](CCC(O)=O)C(NCC(NCC(N1CCC[C@H]1C(N[C@@H](CO)C(N[C@@H](CCCCN)C(NCC(NCC(N2CCC[C@H]2C(N3CCC[C@H]3C(N4CCC[C@H]4C(N[C@@H](CO)C(O)=O)=O)=O)=O)=O)=O)=O)=O)=O)=O)=O)=O)=O)=O)=O)CC5=CNC6=C5C=CC=C6)=O)=O)([C@@H](C)CC)[H])=O)CC7=CC=CC=C7)=O)=O)C)=O)C)=O)C)=O)=O)=O)CC(O)=O)=O)=O)=O)([C@@H](C)CC)[H])=O)=O)CC8=CC=C(C=C8)O)=O)CC(O)=O)=O)=O)([C@H](O)C)[H])=O)CC9=CC=C(C=C9)O)=O)([C@H](O)C)[H])=O)=O)=O)C)=O)CC%10=CC=C(O)C=C%10,33,Y--Aib--Q--G--T--Y--T--S--D--Y--S--I--L--L--D--K--Q--A--A--Aib--R--F--I--E--W--L--L--E--G--G--P--S--K--G--G--P--P--P--S,"['N[C@@H](Cc1ccc(O)cc1)C(=O)O', 'NC(C)(C)C(=O)O', 'N[C@@H](CCC(=O)N)C(=O)O', 'NCC(=O)O', 'N[C@@H]([C@@H](C)O)C(=O)O', 'N[C@@H](Cc1ccc(O)cc1)C(=O)O', 'N[C@@H]([C@@H](C)O)C(=O)O', 'N[C@@H](CO)C(=O)O', 'N[C@@H](CC(=O)O)C(=O)O', 'N[C@@H](Cc1ccc(O)cc1)C(=O)O', 'N[C@@H](CO)C(=O)O', 'N[C@@H]([C@H](CC)C)C(=O)O', 'N[C@@H](CC(C)C)C(=O)O', 'N[C@@H](CC(C)C)C(=O)O', 'N[C@@H](CC(=O)O)C(=O)O', 'N[C@@H](CCCCN)C(=O)O', 'N[C@@H](CCC(=O)N)C(=O)O', 'N[C@@H](C)C(=O)O', 'N[C@@H](C)C(=O)O', 'NC(C)(C)C(=O)O', 'N[C@@H](CCCNC(=N)N)C(=O)O', 'N[C@@H](Cc1ccccc1)C(=O)O', 'N[C@@H]([C@H](CC)C)C(=O)O', 'N[C@@H](CCC(=O)O)C(=O)O', 'N[C@@H](Cc1c[nH]c2ccccc12)C(=O)O', 'N[C@@H](CC(C)C)C(=O)O', 'N[C@@H](CC(C)C)C(=O)O', 'N[C@@H](CCC(=O)O)C(=O)O', 'NCC(=O)O', 'NCC(=O)O', 'N1[C@@H](CCC1)C(=O)O', 'N[C@@H](CO)C(=O)O', 'N[C@@H](CCCCN)C(=O)O', 'NCC(=O)O', 'NCC(=O)O', 'N1[C@@H](CCC1)C(=O)O', 'N1[C@@H](CCC1)C(=O)O', 'N1[C@@H](CCC1)C(=O)O', 'N[C@@H](CO)C(=O)O']",39,"['Y', 'Aib', 'Q', 'G', 'T', 'Y', 'T', 'S', 'D', 'Y', 'S', 'I', 'L', 'L', 'D', 'K', 'Q', 'A', 'A', 'Aib', 'R', 'F', 'I', 'E', 'W', 'L', 'L', 'E', 'G', 'G', 'P', 'S', 'K*', 'G', 'G', 'P', 'P', 'P', 'S']","['N[C@@H](Cc1ccc(O)cc1)C(=O)O', 'NC(C)(C)C(=O)O', 'N[C@@H](CCC(=O)N)C(=O)O', 'NCC(=O)O', 'N[C@@H]([C@@H](C)O)C(=O)O', 'N[C@@H](Cc1ccc(O)cc1)C(=O)O', 'N[C@@H]([C@@H](C)O)C(=O)O', 'N[C@@H](CO)C(=O)O', 'N[C@@H](CC(=O)O)C(=O)O', 'N[C@@H](Cc1ccc(O)cc1)C(=O)O', 'N[C@@H](CO)C(=O)O', 'N[C@@H]([C@H](CC)C)C(=O)O', 'N[C@@H](CC(C)C)C(=O)O', 'N[C@@H](CC(C)C)C(=O)O', 'N[C@@H](CC(=O)O)C(=O)O', 'N[C@@H](CCCCN)C(=O)O', 'N[C@@H](CCC(=O)N)C(=O)O', 'N[C@@H](C)C(=O)O', 'N[C@@H](C)C(=O)O', 'NC(C)(C)C(=O)O', 'N[C@@H](CCCNC(=N)N)C(=O)O', 'N[C@@H](Cc1ccccc1)C(=O)O', 'N[C@@H]([C@H](CC)C)C(=O)O', 'N[C@@H](CCC(=O)O)C(=O)O', 'N[C@@H](Cc1c[nH]c2ccccc12)C(=O)O', 'N[C@@H](CC(C)C)C(=O)O', 'N[C@@H](CC(C)C)C(=O)O', 'N[C@@H](CCC(=O)O)C(=O)O', 'NCC(=O)O', 'NCC(=O)O', 'N1[C@@H](CCC1)C(=O)O', 'N[C@@H](CO)C(=O)O', 'N[C@H](C(=O)O)CCCCNC(=O)COCCOCCNC(=O)CC[C@H](NC(=O)CCCCCCCCCCCCCCCCCCC(=O)O)C(=O)O', 'NCC(=O)O', 'NCC(=O)O', 'N1[C@@H](CCC1)C(=O)O', 'N1[C@@H](CCC1)C(=O)O', 'N1[C@@H](CCC1)C(=O)O', 'N[C@@H](CO)C(=O)O']",retatrutide_side,744.968,10.625042087699022,11.154897338167473,10.251214635386072,0.0237,0.007,0.0561
Bit-05-S,49,[H]N[C@H](C(NC(C)(C(N[C@@H](CCC(N)=O)C(NCC(N[C@](C(N[C@H](C(N[C@](C(N[C@@H](CO)C(N[C@H](C(N[C@H](C(N[C@@H](CO)C(N[C@](C(N[C@@H](CC(C)C)C(N[C@@H](CC(C)C)C(N[C@H](C(N[C@@H](CCCCN)C(N[C@@H](CCC(N)=O)C(N[C@H](C(N[C@H](C(NC(C)(C(N[C@@H](CCCNC(N)=N)C(N[C@H](C(N[C@](C(N[C@@H](CCC(O)=O)C(N[C@H](C(N[C@@H](CC(C)C)C(N[C@@H](CC(C)C)C(N[C@@H](CCC(O)=O)C(NCC(NCC(N1CCC[C@H]1C(N[C@@H](CO)C(N[C@@H](CCCCN)C(NCC(NCC(N2CCC[C@H]2C(N3CCC[C@H]3C(N4CCC[C@H]4C(N[C@@H](CO)C(O)=O)=O)=O)=O)=O)=O)=O)=O)=O)=O)=O)=O)=O)=O)=O)CC5=CNC6=C5C=CC=C6)=O)=O)([C@@H](C)CC)[H])=O)CC7=CC=CC=C7)=O)=O)C)=O)C)=O)C)=O)=O)=O)CC(O)=O)=O)=O)=O)([C@@H](C)CC)[H])=O)=O)CC8=CC=C(C=C8)O)=O)CC(O)=O)=O)=O)([C@H](O)C)[H])=O)CC9=CC=C(C=C9)O)=O)([C@H](O)C)[H])=O)=O)=O)C)=O)CC%10=CC=C(O)C=C%10,33,Y--Aib--Q--G--T--Y--T--S--D--Y--S--I--L--L--D--K--Q--A--A--Aib--R--F--I--E--W--L--L--E--G--G--P--S--K--G--G--P--P--P--S,"['N[C@@H](Cc1ccc(O)cc1)C(=O)O', 'NC(C)(C)C(=O)O', 'N[C@@H](CCC(=O)N)C(=O)O', 'NCC(=O)O', 'N[C@@H]([C@@H](C)O)C(=O)O', 'N[C@@H](Cc1ccc(O)cc1)C(=O)O', 'N[C@@H]([C@@H](C)O)C(=O)O', 'N[C@@H](CO)C(=O)O', 'N[C@@H](CC(=O)O)C(=O)O', 'N[C@@H](Cc1ccc(O)cc1)C(=O)O', 'N[C@@H](CO)C(=O)O', 'N[C@@H]([C@H](CC)C)C(=O)O', 'N[C@@H](CC(C)C)C(=O)O', 'N[C@@H](CC(C)C)C(=O)O', 'N[C@@H](CC(=O)O)C(=O)O', 'N[C@@H](CCCCN)C(=O)O', 'N[C@@H](CCC(=O)N)C(=O)O', 'N[C@@H](C)C(=O)O', 'N[C@@H](C)C(=O)O', 'NC(C)(C)C(=O)O', 'N[C@@H](CCCNC(=N)N)C(=O)O', 'N[C@@H](Cc1ccccc1)C(=O)O', 'N[C@@H]([C@H](CC)C)C(=O)O', 'N[C@@H](CCC(=O)O)C(=O)O', 'N[C@@H](Cc1c[nH]c2ccccc12)C(=O)O', 'N[C@@H](CC(C)C)C(=O)O', 'N[C@@H](CC(C)C)C(=O)O', 'N[C@@H](CCC(=O)O)C(=O)O', 'NCC(=O)O', 'NCC(=O)O', 'N1[C@@H](CCC1)C(=O)O', 'N[C@@H](CO)C(=O)O', 'N[C@@H](CCCCN)C(=O)O', 'NCC(=O)O', 'NCC(=O)O', 'N1[C@@H](CCC1)C(=O)O', 'N1[C@@H](CCC1)C(=O)O', 'N1[C@@H](CCC1)C(=O)O', 'N[C@@H](CO)C(=O)O']",39,"['Y', 'Aib', 'Q', 'G', 'T', 'Y', 'T', 'S', 'D', 'Y', 'S', 'I', 'L', 'L', 'D', 'K', 'Q', 'A', 'A', 'Aib', 'R', 'F', 'I', 'E', 'W', 'L', 'L', 'E', 'G', 'G', 'P', 'S', 'K*', 'G', 'G', 'P', 'P', 'P', 'S']","['N[C@@H](Cc1ccc(O)cc1)C(=O)O', 'NC(C)(C)C(=O)O', 'N[C@@H](CCC(=O)N)C(=O)O', 'NCC(=O)O', 'N[C@@H]([C@@H](C)O)C(=O)O', 'N[C@@H](Cc1ccc(O)cc1)C(=O)O', 'N[C@@H]([C@@H](C)O)C(=O)O', 'N[C@@H](CO)C(=O)O', 'N[C@@H](CC(=O)O)C(=O)O', 'N[C@@H](Cc1ccc(O)cc1)C(=O)O', 'N[C@@H](CO)C(=O)O', 'N[C@@H]([C@H](CC)C)C(=O)O', 'N[C@@H](CC(C)C)C(=O)O', 'N[C@@H](CC(C)C)C(=O)O', 'N[C@@H](CC(=O)O)C(=O)O', 'N[C@@H](CCCCN)C(=O)O', 'N[C@@H](CCC(=O)N)C(=O)O', 'N[C@@H](C)C(=O)O', 'N[C@@H](C)C(=O)O', 'NC(C)(C)C(=O)O', 'N[C@@H](CCCNC(=N)N)C(=O)O', 'N[C@@H](Cc1ccccc1)C(=O)O', 'N[C@@H]([C@H](CC)C)C(=O)O', 'N[C@@H](CCC(=O)O)C(=O)O', 'N[C@@H](Cc1c[nH]c2ccccc12)C(=O)O', 'N[C@@H](CC(C)C)C(=O)O', 'N[C@@H](CC(C)C)C(=O)O', 'N[C@@H](CCC(=O)O)C(=O)O', 'NCC(=O)O', 'NCC(=O)O', 'N1[C@@H](CCC1)C(=O)O', 'N[C@@H](CO)C(=O)O', 'N[C@H](C(=O)O)CCCCNC(=O)COCCOCCNC(=O)COCCOCCNC(=O)CC[C@@H](NC(=O)CCCCCCCCCCCCCCCCC(=O)O)C(=O)O', 'NCC(=O)O', 'NCC(=O)O', 'N1[C@@H](CCC1)C(=O)O', 'N1[C@@H](CCC1)C(=O)O', 'N1[C@@H](CCC1)C(=O)O', 'N[C@@H](CO)C(=O)O']",semaglutide_side,862.0141,10.471827385184735,10.957174355002868,10.04850693024045,0.0337,0.011,0.0894
Bit-05-T,49,[H]N[C@H](C(NC(C)(C(N[C@@H](CCC(N)=O)C(NCC(N[C@](C(N[C@H](C(N[C@](C(N[C@@H](CO)C(N[C@H](C(N[C@H](C(N[C@@H](CO)C(N[C@](C(N[C@@H](CC(C)C)C(N[C@@H](CC(C)C)C(N[C@H](C(N[C@@H](CCCCN)C(N[C@@H](CCC(N)=O)C(N[C@H](C(N[C@H](C(NC(C)(C(N[C@@H](CCCNC(N)=N)C(N[C@H](C(N[C@](C(N[C@@H](CCC(O)=O)C(N[C@H](C(N[C@@H](CC(C)C)C(N[C@@H](CC(C)C)C(N[C@@H](CCC(O)=O)C(NCC(NCC(N1CCC[C@H]1C(N[C@@H](CO)C(N[C@@H](CCCCN)C(NCC(NCC(N2CCC[C@H]2C(N3CCC[C@H]3C(N4CCC[C@H]4C(N[C@@H](CO)C(O)=O)=O)=O)=O)=O)=O)=O)=O)=O)=O)=O)=O)=O)=O)=O)CC5=CNC6=C5C=CC=C6)=O)=O)([C@@H](C)CC)[H])=O)CC7=CC=CC=C7)=O)=O)C)=O)C)=O)C)=O)=O)=O)CC(O)=O)=O)=O)=O)([C@@H](C)CC)[H])=O)=O)CC8=CC=C(C=C8)O)=O)CC(O)=O)=O)=O)([C@H](O)C)[H])=O)CC9=CC=C(C=C9)O)=O)([C@H](O)C)[H])=O)=O)=O)C)=O)CC%10=CC=C(O)C=C%10,33,Y--Aib--Q--G--T--Y--T--S--D--Y--S--I--L--L--D--K--Q--A--A--Aib--R--F--I--E--W--L--L--E--G--G--P--S--K--G--G--P--P--P--S,"['N[C@@H](Cc1ccc(O)cc1)C(=O)O', 'NC(C)(C)C(=O)O', 'N[C@@H](CCC(=O)N)C(=O)O', 'NCC(=O)O', 'N[C@@H]([C@@H](C)O)C(=O)O', 'N[C@@H](Cc1ccc(O)cc1)C(=O)O', 'N[C@@H]([C@@H](C)O)C(=O)O', 'N[C@@H](CO)C(=O)O', 'N[C@@H](CC(=O)O)C(=O)O', 'N[C@@H](Cc1ccc(O)cc1)C(=O)O', 'N[C@@H](CO)C(=O)O', 'N[C@@H]([C@H](CC)C)C(=O)O', 'N[C@@H](CC(C)C)C(=O)O', 'N[C@@H](CC(C)C)C(=O)O', 'N[C@@H](CC(=O)O)C(=O)O', 'N[C@@H](CCCCN)C(=O)O', 'N[C@@H](CCC(=O)N)C(=O)O', 'N[C@@H](C)C(=O)O', 'N[C@@H](C)C(=O)O', 'NC(C)(C)C(=O)O', 'N[C@@H](CCCNC(=N)N)C(=O)O', 'N[C@@H](Cc1ccccc1)C(=O)O', 'N[C@@H]([C@H](CC)C)C(=O)O', 'N[C@@H](CCC(=O)O)C(=O)O', 'N[C@@H](Cc1c[nH]c2ccccc12)C(=O)O', 'N[C@@H](CC(C)C)C(=O)O', 'N[C@@H](CC(C)C)C(=O)O', 'N[C@@H](CCC(=O)O)C(=O)O', 'NCC(=O)O', 'NCC(=O)O', 'N1[C@@H](CCC1)C(=O)O', 'N[C@@H](CO)C(=O)O', 'N[C@@H](CCCCN)C(=O)O', 'NCC(=O)O', 'NCC(=O)O', 'N1[C@@H](CCC1)C(=O)O', 'N1[C@@H](CCC1)C(=O)O', 'N1[C@@H](CCC1)C(=O)O', 'N[C@@H](CO)C(=O)O']",39,"['Y', 'Aib', 'Q', 'G', 'T', 'Y', 'T', 'S', 'D', 'Y', 'S', 'I', 'L', 'L', 'D', 'K', 'Q', 'A', 'A', 'Aib', 'R', 'F', 'I', 'E', 'W', 'L', 'L', 'E', 'G', 'G', 'P', 'S', 'K*', 'G', 'G', 'P', 'P', 'P', 'S']","['N[C@@H](Cc1ccc(O)cc1)C(=O)O', 'NC(C)(C)C(=O)O', 'N[C@@H](CCC(=O)N)C(=O)O', 'NCC(=O)O', 'N[C@@H]([C@@H](C)O)C(=O)O', 'N[C@@H](Cc1ccc(O)cc1)C(=O)O', 'N[C@@H]([C@@H](C)O)C(=O)O', 'N[C@@H](CO)C(=O)O', 'N[C@@H](CC(=O)O)C(=O)O', 'N[C@@H](Cc1ccc(O)cc1)C(=O)O', 'N[C@@H](CO)C(=O)O', 'N[C@@H]([C@H](CC)C)C(=O)O', 'N[C@@H](CC(C)C)C(=O)O', 'N[C@@H](CC(C)C)C(=O)O', 'N[C@@H](CC(=O)O)C(=O)O', 'N[C@@H](CCCCN)C(=O)O', 'N[C@@H](CCC(=O)N)C(=O)O', 'N[C@@H](C)C(=O)O', 'N[C@@H](C)C(=O)O', 'NC(C)(C)C(=O)O', 'N[C@@H](CCCNC(=N)N)C(=O)O', 'N[C@@H](Cc1ccccc1)C(=O)O', 'N[C@@H]([C@H](CC)C)C(=O)O', 'N[C@@H](CCC(=O)O)C(=O)O', 'N[C@@H](Cc1c[nH]c2ccccc12)C(=O)O', 'N[C@@H](CC(C)C)C(=O)O', 'N[C@@H](CC(C)C)C(=O)O', 'N[C@@H](CCC(=O)O)C(=O)O', 'NCC(=O)O', 'NCC(=O)O', 'N1[C@@H](CCC1)C(=O)O', 'N[C@@H](CO)C(=O)O', 'N[C@H](C(=O)O)CCCCNC(=O)COCCOCCNC(=O)COCCOCCNC(=O)CC[C@H](NC(=O)CCCCCCCCCCCCCCCCCCC(=O)O)C(=O)O', 'NCC(=O)O', 'NCC(=O)O', 'N1[C@@H](CCC1)C(=O)O', 'N1[C@@H](CCC1)C(=O)O', 'N1[C@@H](CCC1)C(=O)O', 'N[C@@H](CO)C(=O)O']",tirzepatide_side,890.126,10.542061377296722,11.060570535246693,10.128216507315699,0.0287,0.0087,0.0744
Bit-08-R,128,N[C@@H](Cc1ccc(O)cc1)C(=O)NC(C)(C)C(=O)N[C@@H](CCC(=O)O)C(=O)NCC(=O)N[C@@H]([C@@H](C)O)C(=O)N[C@@H](Cc1ccccc1)C(=O)N[C@@H]([C@@H](C)O)C(=O)N[C@@H](CO)C(=O)N[C@@H](CC(=O)O)C(=O)N[C@@H](Cc1ccc(O)cc1)C(=O)N[C@@H](CO)C(=O)N[C@@H]([C@H](CC)C)C(=O)N[C@@H](CC(C)C)C(=O)N[C@@H](CC(C)C)C(=O)N[C@@H](CC(=O)O)C(=O)N[C@@H](CCC(=O)O)C(=O)N[C@@H](CCC(=O)N)C(=O)N[C@@H](C)C(=O)N[C@@H](C)C(=O)N[C@@H](C)C(=O)N[C@@H](CCCCN)C(=O)N[C@@H](Cc1ccccc1)C(=O)N[C@@H]([C@H](CC)C)C(=O)N[C@@H](CCC(=O)O)C(=O)N[C@@H](Cc1c[nH]c2ccccc12)C(=O)N[C@@H](CC(C)C)C(=O)N[C@@H](CC(C)C)C(=O)N[C@@H](CCC(=O)O)C(=O)N[C@@H](C)C(=O)NCC(=O)N1[C@@H](CCC1)C(=O)N[C@@H](CO)C(=O)N[C@@H](CO)C(=O)NCC(=O)NCC(=O)N1[C@@H](CCC1)C(=O)N1[C@@H](CCC1)C(=O)N1[C@@H](CCC1)C(=O)N[C@@H](CO)C(=O)O,21,Y--Aib--E--G--T--F--T--S--D--Y--S--I--L--L--D--E--Q--A--A--A--K--F--I--E--W--L--L--E--A--G--P--S--S--G--G--P--P--P--S,"['N[C@@H](Cc1ccc(O)cc1)C(=O)O', 'NC(C)(C)C(=O)O', 'N[C@@H](CCC(=O)O)C(=O)O', 'NCC(=O)O', 'N[C@@H]([C@@H](C)O)C(=O)O', 'N[C@@H](Cc1ccccc1)C(=O)O', 'N[C@@H]([C@@H](C)O)C(=O)O', 'N[C@@H](CO)C(=O)O', 'N[C@@H](CC(=O)O)C(=O)O', 'N[C@@H](Cc1ccc(O)cc1)C(=O)O', 'N[C@@H](CO)C(=O)O', 'N[C@@H]([C@H](CC)C)C(=O)O', 'N[C@@H](CC(C)C)C(=O)O', 'N[C@@H](CC(C)C)C(=O)O', 'N[C@@H](CC(=O)O)C(=O)O', 'N[C@@H](CCC(=O)O)C(=O)O', 'N[C@@H](CCC(=O)N)C(=O)O', 'N[C@@H](C)C(=O)O', 'N[C@@H](C)C(=O)O', 'N[C@@H](C)C(=O)O', 'N[C@@H](CCCCN)C(=O)O', 'N[C@@H](Cc1ccccc1)C(=O)O', 'N[C@@H]([C@H](CC)C)C(=O)O', 'N[C@@H](CCC(=O)O)C(=O)O', 'N[C@@H](Cc1c[nH]c2ccccc12)C(=O)O', 'N[C@@H](CC(C)C)C(=O)O', 'N[C@@H](CC(C)C)C(=O)O', 'N[C@@H](CCC(=O)O)C(=O)O', 'N[C@@H](C)C(=O)O', 'NCC(=O)O', 'N1[C@@H](CCC1)C(=O)O', 'N[C@@H](CO)C(=O)O', 'N[C@@H](CO)C(=O)O', 'NCC(=O)O', 'NCC(=O)O', 'N1[C@@H](CCC1)C(=O)O', 'N1[C@@H](CCC1)C(=O)O', 'N1[C@@H](CCC1)C(=O)O', 'N[C@@H](CO)C(=O)O']",39,"['Y', 'Aib', 'E', 'G', 'T', 'F', 'T', 'S', 'D', 'Y', 'S', 'I', 'L', 'L', 'D', 'E', 'Q', 'A', 'A', 'A', 'K*', 'F', 'I', 'E', 'W', 'L', 'L', 'E', 'A', 'G', 'P', 'S', 'S', 'G', 'G', 'P', 'P', 'P', 'S']","['N[C@@H](Cc1ccc(O)cc1)C(=O)O', 'NC(C)(C)C(=O)O', 'N[C@@H](CCC(=O)O)C(=O)O', 'NCC(=O)O', 'N[C@@H]([C@@H](C)O)C(=O)O', 'N[C@@H](Cc1ccccc1)C(=O)O', 'N[C@@H]([C@@H](C)O)C(=O)O', 'N[C@@H](CO)C(=O)O', 'N[C@@H](CC(=O)O)C(=O)O', 'N[C@@H](Cc1ccc(O)cc1)C(=O)O', 'N[C@@H](CO)C(=O)O', 'N[C@@H]([C@H](CC)C)C(=O)O', 'N[C@@H](CC(C)C)C(=O)O', 'N[C@@H](CC(C)C)C(=O)O', 'N[C@@H](CC(=O)O)C(=O)O', 'N[C@@H](CCC(=O)O)C(=O)O', 'N[C@@H](CCC(=O)N)C(=O)O', 'N[C@@H](C)C(=O)O', 'N[C@@H](C)C(=O)O', 'N[C@@H](C)C(=O)O', 'N[C@H](C(=O)O)CCCCNC(=O)COCCOCCNC(=O)CC[C@H](NC(=O)CCCCCCCCCCCCCCCCCCC(=O)O)C(=O)O', 'N[C@@H](Cc1ccccc1)C(=O)O', 'N[C@@H]([C@H](CC)C)C(=O)O', 'N[C@@H](CCC(=O)O)C(=O)O', 'N[C@@H](Cc1c[nH]c2ccccc12)C(=O)O', 'N[C@@H](CC(C)C)C(=O)O', 'N[C@@H](CC(C)C)C(=O)O', 'N[C@@H](CCC(=O)O)C(=O)O', 'N[C@@H](C)C(=O)O', 'NCC(=O)O', 'N1[C@@H](CCC1)C(=O)O', 'N[C@@H](CO)C(=O)O', 'N[C@@H](CO)C(=O)O', 'NCC(=O)O', 'NCC(=O)O', 'N1[C@@H](CCC1)C(=O)O', 'N1[C@@H](CCC1)C(=O)O', 'N1[C@@H](CCC1)C(=O)O', 'N[C@@H](CO)C(=O)O']",retatrutide_side,744.968,10.875533091628121,10.364294650565165,6.852201788143137,0.0133,0.0432,140.5394
Bit-08-S,128,N[C@@H](Cc1ccc(O)cc1)C(=O)NC(C)(C)C(=O)N[C@@H](CCC(=O)O)C(=O)NCC(=O)N[C@@H]([C@@H](C)O)C(=O)N[C@@H](Cc1ccccc1)C(=O)N[C@@H]([C@@H](C)O)C(=O)N[C@@H](CO)C(=O)N[C@@H](CC(=O)O)C(=O)N[C@@H](Cc1ccc(O)cc1)C(=O)N[C@@H](CO)C(=O)N[C@@H]([C@H](CC)C)C(=O)N[C@@H](CC(C)C)C(=O)N[C@@H](CC(C)C)C(=O)N[C@@H](CC(=O)O)C(=O)N[C@@H](CCC(=O)O)C(=O)N[C@@H](CCC(=O)N)C(=O)N[C@@H](C)C(=O)N[C@@H](C)C(=O)N[C@@H](C)C(=O)N[C@@H](CCCCN)C(=O)N[C@@H](Cc1ccccc1)C(=O)N[C@@H]([C@H](CC)C)C(=O)N[C@@H](CCC(=O)O)C(=O)N[C@@H](Cc1c[nH]c2ccccc12)C(=O)N[C@@H](CC(C)C)C(=O)N[C@@H](CC(C)C)C(=O)N[C@@H](CCC(=O)O)C(=O)N[C@@H](C)C(=O)NCC(=O)N1[C@@H](CCC1)C(=O)N[C@@H](CO)C(=O)N[C@@H](CO)C(=O)NCC(=O)NCC(=O)N1[C@@H](CCC1)C(=O)N1[C@@H](CCC1)C(=O)N1[C@@H](CCC1)C(=O)N[C@@H](CO)C(=O)O,21,Y--Aib--E--G--T--F--T--S--D--Y--S--I--L--L--D--E--Q--A--A--A--K--F--I--E--W--L--L--E--A--G--P--S--S--G--G--P--P--P--S,"['N[C@@H](Cc1ccc(O)cc1)C(=O)O', 'NC(C)(C)C(=O)O', 'N[C@@H](CCC(=O)O)C(=O)O', 'NCC(=O)O', 'N[C@@H]([C@@H](C)O)C(=O)O', 'N[C@@H](Cc1ccccc1)C(=O)O', 'N[C@@H]([C@@H](C)O)C(=O)O', 'N[C@@H](CO)C(=O)O', 'N[C@@H](CC(=O)O)C(=O)O', 'N[C@@H](Cc1ccc(O)cc1)C(=O)O', 'N[C@@H](CO)C(=O)O', 'N[C@@H]([C@H](CC)C)C(=O)O', 'N[C@@H](CC(C)C)C(=O)O', 'N[C@@H](CC(C)C)C(=O)O', 'N[C@@H](CC(=O)O)C(=O)O', 'N[C@@H](CCC(=O)O)C(=O)O', 'N[C@@H](CCC(=O)N)C(=O)O', 'N[C@@H](C)C(=O)O', 'N[C@@H](C)C(=O)O', 'N[C@@H](C)C(=O)O', 'N[C@@H](CCCCN)C(=O)O', 'N[C@@H](Cc1ccccc1)C(=O)O', 'N[C@@H]([C@H](CC)C)C(=O)O', 'N[C@@H](CCC(=O)O)C(=O)O', 'N[C@@H](Cc1c[nH]c2ccccc12)C(=O)O', 'N[C@@H](CC(C)C)C(=O)O', 'N[C@@H](CC(C)C)C(=O)O', 'N[C@@H](CCC(=O)O)C(=O)O', 'N[C@@H](C)C(=O)O', 'NCC(=O)O', 'N1[C@@H](CCC1)C(=O)O', 'N[C@@H](CO)C(=O)O', 'N[C@@H](CO)C(=O)O', 'NCC(=O)O', 'NCC(=O)O', 'N1[C@@H](CCC1)C(=O)O', 'N1[C@@H](CCC1)C(=O)O', 'N1[C@@H](CCC1)C(=O)O', 'N[C@@H](CO)C(=O)O']",39,"['Y', 'Aib', 'E', 'G', 'T', 'F', 'T', 'S', 'D', 'Y', 'S', 'I', 'L', 'L', 'D', 'E', 'Q', 'A', 'A', 'A', 'K*', 'F', 'I', 'E', 'W', 'L', 'L', 'E', 'A', 'G', 'P', 'S', 'S', 'G', 'G', 'P', 'P', 'P', 'S']","['N[C@@H](Cc1ccc(O)cc1)C(=O)O', 'NC(C)(C)C(=O)O', 'N[C@@H](CCC(=O)O)C(=O)O', 'NCC(=O)O', 'N[C@@H]([C@@H](C)O)C(=O)O', 'N[C@@H](Cc1ccccc1)C(=O)O', 'N[C@@H]([C@@H](C)O)C(=O)O', 'N[C@@H](CO)C(=O)O', 'N[C@@H](CC(=O)O)C(=O)O', 'N[C@@H](Cc1ccc(O)cc1)C(=O)O', 'N[C@@H](CO)C(=O)O', 'N[C@@H]([C@H](CC)C)C(=O)O', 'N[C@@H](CC(C)C)C(=O)O', 'N[C@@H](CC(C)C)C(=O)O', 'N[C@@H](CC(=O)O)C(=O)O', 'N[C@@H](CCC(=O)O)C(=O)O', 'N[C@@H](CCC(=O)N)C(=O)O', 'N[C@@H](C)C(=O)O', 'N[C@@H](C)C(=O)O', 'N[C@@H](C)C(=O)O', 'N[C@H](C(=O)O)CCCCNC(=O)COCCOCCNC(=O)COCCOCCNC(=O)CC[C@@H](NC(=O)CCCCCCCCCCCCCCCCC(=O)O)C(=O)O', 'N[C@@H](Cc1ccccc1)C(=O)O', 'N[C@@H]([C@H](CC)C)C(=O)O', 'N[C@@H](CCC(=O)O)C(=O)O', 'N[C@@H](Cc1c[nH]c2ccccc12)C(=O)O', 'N[C@@H](CC(C)C)C(=O)O', 'N[C@@H](CC(C)C)C(=O)O', 'N[C@@H](CCC(=O)O)C(=O)O', 'N[C@@H](C)C(=O)O', 'NCC(=O)O', 'N1[C@@H](CCC1)C(=O)O', 'N[C@@H](CO)C(=O)O', 'N[C@@H](CO)C(=O)O', 'NCC(=O)O', 'NCC(=O)O', 'N1[C@@H](CCC1)C(=O)O', 'N1[C@@H](CCC1)C(=O)O', 'N1[C@@H](CCC1)C(=O)O', 'N[C@@H](CO)C(=O)O']",semaglutide_side,862.0141,10.620589807071738,10.20333272673422,6.534614683431115,0.024,0.0626,292.0017
Bit-08-T,128,N[C@@H](Cc1ccc(O)cc1)C(=O)NC(C)(C)C(=O)N[C@@H](CCC(=O)O)C(=O)NCC(=O)N[C@@H]([C@@H](C)O)C(=O)N[C@@H](Cc1ccccc1)C(=O)N[C@@H]([C@@H](C)O)C(=O)N[C@@H](CO)C(=O)N[C@@H](CC(=O)O)C(=O)N[C@@H](Cc1ccc(O)cc1)C(=O)N[C@@H](CO)C(=O)N[C@@H]([C@H](CC)C)C(=O)N[C@@H](CC(C)C)C(=O)N[C@@H](CC(C)C)C(=O)N[C@@H](CC(=O)O)C(=O)N[C@@H](CCC(=O)O)C(=O)N[C@@H](CCC(=O)N)C(=O)N[C@@H](C)C(=O)N[C@@H](C)C(=O)N[C@@H](C)C(=O)N[C@@H](CCCCN)C(=O)N[C@@H](Cc1ccccc1)C(=O)N[C@@H]([C@H](CC)C)C(=O)N[C@@H](CCC(=O)O)C(=O)N[C@@H](Cc1c[nH]c2ccccc12)C(=O)N[C@@H](CC(C)C)C(=O)N[C@@H](CC(C)C)C(=O)N[C@@H](CCC(=O)O)C(=O)N[C@@H](C)C(=O)NCC(=O)N1[C@@H](CCC1)C(=O)N[C@@H](CO)C(=O)N[C@@H](CO)C(=O)NCC(=O)NCC(=O)N1[C@@H](CCC1)C(=O)N1[C@@H](CCC1)C(=O)N1[C@@H](CCC1)C(=O)N[C@@H](CO)C(=O)O,21,Y--Aib--E--G--T--F--T--S--D--Y--S--I--L--L--D--E--Q--A--A--A--K--F--I--E--W--L--L--E--A--G--P--S--S--G--G--P--P--P--S,"['N[C@@H](Cc1ccc(O)cc1)C(=O)O', 'NC(C)(C)C(=O)O', 'N[C@@H](CCC(=O)O)C(=O)O', 'NCC(=O)O', 'N[C@@H]([C@@H](C)O)C(=O)O', 'N[C@@H](Cc1ccccc1)C(=O)O', 'N[C@@H]([C@@H](C)O)C(=O)O', 'N[C@@H](CO)C(=O)O', 'N[C@@H](CC(=O)O)C(=O)O', 'N[C@@H](Cc1ccc(O)cc1)C(=O)O', 'N[C@@H](CO)C(=O)O', 'N[C@@H]([C@H](CC)C)C(=O)O', 'N[C@@H](CC(C)C)C(=O)O', 'N[C@@H](CC(C)C)C(=O)O', 'N[C@@H](CC(=O)O)C(=O)O', 'N[C@@H](CCC(=O)O)C(=O)O', 'N[C@@H](CCC(=O)N)C(=O)O', 'N[C@@H](C)C(=O)O', 'N[C@@H](C)C(=O)O', 'N[C@@H](C)C(=O)O', 'N[C@@H](CCCCN)C(=O)O', 'N[C@@H](Cc1ccccc1)C(=O)O', 'N[C@@H]([C@H](CC)C)C(=O)O', 'N[C@@H](CCC(=O)O)C(=O)O', 'N[C@@H](Cc1c[nH]c2ccccc12)C(=O)O', 'N[C@@H](CC(C)C)C(=O)O', 'N[C@@H](CC(C)C)C(=O)O', 'N[C@@H](CCC(=O)O)C(=O)O', 'N[C@@H](C)C(=O)O', 'NCC(=O)O', 'N1[C@@H](CCC1)C(=O)O', 'N[C@@H](CO)C(=O)O', 'N[C@@H](CO)C(=O)O', 'NCC(=O)O', 'NCC(=O)O', 'N1[C@@H](CCC1)C(=O)O', 'N1[C@@H](CCC1)C(=O)O', 'N1[C@@H](CCC1)C(=O)O', 'N[C@@H](CO)C(=O)O']",39,"['Y', 'Aib', 'E', 'G', 'T', 'F', 'T', 'S', 'D', 'Y', 'S', 'I', 'L', 'L', 'D', 'E', 'Q', 'A', 'A', 'A', 'K*', 'F', 'I', 'E', 'W', 'L', 'L', 'E', 'A', 'G', 'P', 'S', 'S', 'G', 'G', 'P', 'P', 'P', 'S']","['N[C@@H](Cc1ccc(O)cc1)C(=O)O', 'NC(C)(C)C(=O)O', 'N[C@@H](CCC(=O)O)C(=O)O', 'NCC(=O)O', 'N[C@@H]([C@@H](C)O)C(=O)O', 'N[C@@H](Cc1ccccc1)C(=O)O', 'N[C@@H]([C@@H](C)O)C(=O)O', 'N[C@@H](CO)C(=O)O', 'N[C@@H](CC(=O)O)C(=O)O', 'N[C@@H](Cc1ccc(O)cc1)C(=O)O', 'N[C@@H](CO)C(=O)O', 'N[C@@H]([C@H](CC)C)C(=O)O', 'N[C@@H](CC(C)C)C(=O)O', 'N[C@@H](CC(C)C)C(=O)O', 'N[C@@H](CC(=O)O)C(=O)O', 'N[C@@H](CCC(=O)O)C(=O)O', 'N[C@@H](CCC(=O)N)C(=O)O', 'N[C@@H](C)C(=O)O', 'N[C@@H](C)C(=O)O', 'N[C@@H](C)C(=O)O', 'N[C@H](C(=O)O)CCCCNC(=O)COCCOCCNC(=O)COCCOCCNC(=O)CC[C@H](NC(=O)CCCCCCCCCCCCCCCCCCC(=O)O)C(=O)O', 'N[C@@H](Cc1ccccc1)C(=O)O', 'N[C@@H]([C@H](CC)C)C(=O)O', 'N[C@@H](CCC(=O)O)C(=O)O', 'N[C@@H](Cc1c[nH]c2ccccc12)C(=O)O', 'N[C@@H](CC(C)C)C(=O)O', 'N[C@@H](CC(C)C)C(=O)O', 'N[C@@H](CCC(=O)O)C(=O)O', 'N[C@@H](C)C(=O)O', 'NCC(=O)O', 'N1[C@@H](CCC1)C(=O)O', 'N[C@@H](CO)C(=O)O', 'N[C@@H](CO)C(=O)O', 'NCC(=O)O', 'NCC(=O)O', 'N1[C@@H](CCC1)C(=O)O', 'N1[C@@H](CCC1)C(=O)O', 'N1[C@@H](CCC1)C(=O)O', 'N[C@@H](CO)C(=O)O']",tirzepatide_side,890.126,10.693987675133696,10.1736223843803,6.609417616327754,0.0202,0.067,245.8003
Bit-10-R,141,N[C@@H](Cc1ccc(O)cc1)C(=O)NC(C)(C)C(=O)N[C@@H](CCC(=O)N)C(=O)NCC(=O)N[C@@H]([C@@H](C)O)C(=O)N[C@@H](Cc1ccccc1)C(=O)N[C@@H]([C@@H](C)O)C(=O)N[C@@H](CO)C(=O)N[C@@H](CC(=O)O)C(=O)N[C@@H](Cc1ccc(O)cc1)C(=O)N[C@@H](CO)C(=O)N[C@@H]([C@H](CC)C)C(=O)N[C@@H](CC(C)C)C(=O)N[C@@H](CC(C)C)C(=O)N[C@@H](CC(=O)O)C(=O)N[C@@H](CCCCN)C(=O)N[C@@H]([C@H](CC)C)C(=O)N[C@@H](C)C(=O)N[C@@H](C)C(=O)N[C@@H](CCC(=O)N)C(=O)N[C@@H](C)C(=O)N[C@@H](Cc1ccccc1)C(=O)N[C@@H]([C@H](CC)C)C(=O)N[C@@H](CCC(=O)O)C(=O)N[C@@H](Cc1ccc(O)cc1)C(=O)N[C@@H](CC(C)C)C(=O)N[C@@H](CC(C)C)C(=O)N[C@@H](CCC(=O)O)C(=O)NCC(=O)NCC(=O)N1[C@@H](CCC1)C(=O)N[C@@H](CO)C(=O)N[C@@H](CCCCN)C(=O)NCC(=O)N[C@@H](C)C(=O)N1[C@@H](CCC1)C(=O)N1[C@@H](CCC1)C(=O)N1[C@@H](CCC1)C(=O)N[C@@H](CO)C(=O)O,33,Y--Aib--Q--G--T--F--T--S--D--Y--S--I--L--L--D--K--I--A--A--Q--A--F--I--E--Y--L--L--E--G--G--P--S--K--G--A--P--P--P--S,"['N[C@@H](Cc1ccc(O)cc1)C(=O)O', 'NC(C)(C)C(=O)O', 'N[C@@H](CCC(=O)N)C(=O)O', 'NCC(=O)O', 'N[C@@H]([C@@H](C)O)C(=O)O', 'N[C@@H](Cc1ccccc1)C(=O)O', 'N[C@@H]([C@@H](C)O)C(=O)O', 'N[C@@H](CO)C(=O)O', 'N[C@@H](CC(=O)O)C(=O)O', 'N[C@@H](Cc1ccc(O)cc1)C(=O)O', 'N[C@@H](CO)C(=O)O', 'N[C@@H]([C@H](CC)C)C(=O)O', 'N[C@@H](CC(C)C)C(=O)O', 'N[C@@H](CC(C)C)C(=O)O', 'N[C@@H](CC(=O)O)C(=O)O', 'N[C@@H](CCCCN)C(=O)O', 'N[C@@H]([C@H](CC)C)C(=O)O', 'N[C@@H](C)C(=O)O', 'N[C@@H](C)C(=O)O', 'N[C@@H](CCC(=O)N)C(=O)O', 'N[C@@H](C)C(=O)O', 'N[C@@H](Cc1ccccc1)C(=O)O', 'N[C@@H]([C@H](CC)C)C(=O)O', 'N[C@@H](CCC(=O)O)C(=O)O', 'N[C@@H](Cc1ccc(O)cc1)C(=O)O', 'N[C@@H](CC(C)C)C(=O)O', 'N[C@@H](CC(C)C)C(=O)O', 'N[C@@H](CCC(=O)O)C(=O)O', 'NCC(=O)O', 'NCC(=O)O', 'N1[C@@H](CCC1)C(=O)O', 'N[C@@H](CO)C(=O)O', 'N[C@@H](CCCCN)C(=O)O', 'NCC(=O)O', 'N[C@@H](C)C(=O)O', 'N1[C@@H](CCC1)C(=O)O', 'N1[C@@H](CCC1)C(=O)O', 'N1[C@@H](CCC1)C(=O)O', 'N[C@@H](CO)C(=O)O']",39,"['Y', 'Aib', 'Q', 'G', 'T', 'F', 'T', 'S', 'D', 'Y', 'S', 'I', 'L', 'L', 'D', 'K', 'I', 'A', 'A', 'Q', 'A', 'F', 'I', 'E', 'Y', 'L', 'L', 'E', 'G', 'G', 'P', 'S', 'K*', 'G', 'A', 'P', 'P', 'P', 'S']","['N[C@@H](Cc1ccc(O)cc1)C(=O)O', 'NC(C)(C)C(=O)O', 'N[C@@H](CCC(=O)N)C(=O)O', 'NCC(=O)O', 'N[C@@H]([C@@H](C)O)C(=O)O', 'N[C@@H](Cc1ccccc1)C(=O)O', 'N[C@@H]([C@@H](C)O)C(=O)O', 'N[C@@H](CO)C(=O)O', 'N[C@@H](CC(=O)O)C(=O)O', 'N[C@@H](Cc1ccc(O)cc1)C(=O)O', 'N[C@@H](CO)C(=O)O', 'N[C@@H]([C@H](CC)C)C(=O)O', 'N[C@@H](CC(C)C)C(=O)O', 'N[C@@H](CC(C)C)C(=O)O', 'N[C@@H](CC(=O)O)C(=O)O', 'N[C@@H](CCCCN)C(=O)O', 'N[C@@H]([C@H](CC)C)C(=O)O', 'N[C@@H](C)C(=O)O', 'N[C@@H](C)C(=O)O', 'N[C@@H](CCC(=O)N)C(=O)O', 'N[C@@H](C)C(=O)O', 'N[C@@H](Cc1ccccc1)C(=O)O', 'N[C@@H]([C@H](CC)C)C(=O)O', 'N[C@@H](CCC(=O)O)C(=O)O', 'N[C@@H](Cc1ccc(O)cc1)C(=O)O', 'N[C@@H](CC(C)C)C(=O)O', 'N[C@@H](CC(C)C)C(=O)O', 'N[C@@H](CCC(=O)O)C(=O)O', 'NCC(=O)O', 'NCC(=O)O', 'N1[C@@H](CCC1)C(=O)O', 'N[C@@H](CO)C(=O)O', 'N[C@H](C(=O)O)CCCCNC(=O)COCCOCCNC(=O)CC[C@H](NC(=O)CCCCCCCCCCCCCCCCCCC(=O)O)C(=O)O', 'NCC(=O)O', 'N[C@@H](C)C(=O)O', 'N1[C@@H](CCC1)C(=O)O', 'N1[C@@H](CCC1)C(=O)O', 'N1[C@@H](CCC1)C(=O)O', 'N[C@@H](CO)C(=O)O']",retatrutide_side,744.968,10.363671215716057,10.19598709779308,9.25229129077559,0.0433,0.0637,0.5594
Bit-10-S,141,N[C@@H](Cc1ccc(O)cc1)C(=O)NC(C)(C)C(=O)N[C@@H](CCC(=O)N)C(=O)NCC(=O)N[C@@H]([C@@H](C)O)C(=O)N[C@@H](Cc1ccccc1)C(=O)N[C@@H]([C@@H](C)O)C(=O)N[C@@H](CO)C(=O)N[C@@H](CC(=O)O)C(=O)N[C@@H](Cc1ccc(O)cc1)C(=O)N[C@@H](CO)C(=O)N[C@@H]([C@H](CC)C)C(=O)N[C@@H](CC(C)C)C(=O)N[C@@H](CC(C)C)C(=O)N[C@@H](CC(=O)O)C(=O)N[C@@H](CCCCN)C(=O)N[C@@H]([C@H](CC)C)C(=O)N[C@@H](C)C(=O)N[C@@H](C)C(=O)N[C@@H](CCC(=O)N)C(=O)N[C@@H](C)C(=O)N[C@@H](Cc1ccccc1)C(=O)N[C@@H]([C@H](CC)C)C(=O)N[C@@H](CCC(=O)O)C(=O)N[C@@H](Cc1ccc(O)cc1)C(=O)N[C@@H](CC(C)C)C(=O)N[C@@H](CC(C)C)C(=O)N[C@@H](CCC(=O)O)C(=O)NCC(=O)NCC(=O)N1[C@@H](CCC1)C(=O)N[C@@H](CO)C(=O)N[C@@H](CCCCN)C(=O)NCC(=O)N[C@@H](C)C(=O)N1[C@@H](CCC1)C(=O)N1[C@@H](CCC1)C(=O)N1[C@@H](CCC1)C(=O)N[C@@H](CO)C(=O)O,33,Y--Aib--Q--G--T--F--T--S--D--Y--S--I--L--L--D--K--I--A--A--Q--A--F--I--E--Y--L--L--E--G--G--P--S--K--G--A--P--P--P--S,"['N[C@@H](Cc1ccc(O)cc1)C(=O)O', 'NC(C)(C)C(=O)O', 'N[C@@H](CCC(=O)N)C(=O)O', 'NCC(=O)O', 'N[C@@H]([C@@H](C)O)C(=O)O', 'N[C@@H](Cc1ccccc1)C(=O)O', 'N[C@@H]([C@@H](C)O)C(=O)O', 'N[C@@H](CO)C(=O)O', 'N[C@@H](CC(=O)O)C(=O)O', 'N[C@@H](Cc1ccc(O)cc1)C(=O)O', 'N[C@@H](CO)C(=O)O', 'N[C@@H]([C@H](CC)C)C(=O)O', 'N[C@@H](CC(C)C)C(=O)O', 'N[C@@H](CC(C)C)C(=O)O', 'N[C@@H](CC(=O)O)C(=O)O', 'N[C@@H](CCCCN)C(=O)O', 'N[C@@H]([C@H](CC)C)C(=O)O', 'N[C@@H](C)C(=O)O', 'N[C@@H](C)C(=O)O', 'N[C@@H](CCC(=O)N)C(=O)O', 'N[C@@H](C)C(=O)O', 'N[C@@H](Cc1ccccc1)C(=O)O', 'N[C@@H]([C@H](CC)C)C(=O)O', 'N[C@@H](CCC(=O)O)C(=O)O', 'N[C@@H](Cc1ccc(O)cc1)C(=O)O', 'N[C@@H](CC(C)C)C(=O)O', 'N[C@@H](CC(C)C)C(=O)O', 'N[C@@H](CCC(=O)O)C(=O)O', 'NCC(=O)O', 'NCC(=O)O', 'N1[C@@H](CCC1)C(=O)O', 'N[C@@H](CO)C(=O)O', 'N[C@@H](CCCCN)C(=O)O', 'NCC(=O)O', 'N[C@@H](C)C(=O)O', 'N1[C@@H](CCC1)C(=O)O', 'N1[C@@H](CCC1)C(=O)O', 'N1[C@@H](CCC1)C(=O)O', 'N[C@@H](CO)C(=O)O']",39,"['Y', 'Aib', 'Q', 'G', 'T', 'F', 'T', 'S', 'D', 'Y', 'S', 'I', 'L', 'L', 'D', 'K', 'I', 'A', 'A', 'Q', 'A', 'F', 'I', 'E', 'Y', 'L', 'L', 'E', 'G', 'G', 'P', 'S', 'K*', 'G', 'A', 'P', 'P', 'P', 'S']","['N[C@@H](Cc1ccc(O)cc1)C(=O)O', 'NC(C)(C)C(=O)O', 'N[C@@H](CCC(=O)N)C(=O)O', 'NCC(=O)O', 'N[C@@H]([C@@H](C)O)C(=O)O', 'N[C@@H](Cc1ccccc1)C(=O)O', 'N[C@@H]([C@@H](C)O)C(=O)O', 'N[C@@H](CO)C(=O)O', 'N[C@@H](CC(=O)O)C(=O)O', 'N[C@@H](Cc1ccc(O)cc1)C(=O)O', 'N[C@@H](CO)C(=O)O', 'N[C@@H]([C@H](CC)C)C(=O)O', 'N[C@@H](CC(C)C)C(=O)O', 'N[C@@H](CC(C)C)C(=O)O', 'N[C@@H](CC(=O)O)C(=O)O', 'N[C@@H](CCCCN)C(=O)O', 'N[C@@H]([C@H](CC)C)C(=O)O', 'N[C@@H](C)C(=O)O', 'N[C@@H](C)C(=O)O', 'N[C@@H](CCC(=O)N)C(=O)O', 'N[C@@H](C)C(=O)O', 'N[C@@H](Cc1ccccc1)C(=O)O', 'N[C@@H]([C@H](CC)C)C(=O)O', 'N[C@@H](CCC(=O)O)C(=O)O', 'N[C@@H](Cc1ccc(O)cc1)C(=O)O', 'N[C@@H](CC(C)C)C(=O)O', 'N[C@@H](CC(C)C)C(=O)O', 'N[C@@H](CCC(=O)O)C(=O)O', 'NCC(=O)O', 'NCC(=O)O', 'N1[C@@H](CCC1)C(=O)O', 'N[C@@H](CO)C(=O)O', 'N[C@H](C(=O)O)CCCCNC(=O)COCCOCCNC(=O)COCCOCCNC(=O)CC[C@@H](NC(=O)CCCCCCCCCCCCCCCCC(=O)O)C(=O)O', 'NCC(=O)O', 'N[C@@H](C)C(=O)O', 'N1[C@@H](CCC1)C(=O)O', 'N1[C@@H](CCC1)C(=O)O', 'N1[C@@H](CCC1)C(=O)O', 'N[C@@H](CO)C(=O)O']",semaglutide_side,862.0141,10.312147447096375,10.118819528821126,9.022111292222986,0.0487,0.0761,0.9504
Bit-10-T,141,N[C@@H](Cc1ccc(O)cc1)C(=O)NC(C)(C)C(=O)N[C@@H](CCC(=O)N)C(=O)NCC(=O)N[C@@H]([C@@H](C)O)C(=O)N[C@@H](Cc1ccccc1)C(=O)N[C@@H]([C@@H](C)O)C(=O)N[C@@H](CO)C(=O)N[C@@H](CC(=O)O)C(=O)N[C@@H](Cc1ccc(O)cc1)C(=O)N[C@@H](CO)C(=O)N[C@@H]([C@H](CC)C)C(=O)N[C@@H](CC(C)C)C(=O)N[C@@H](CC(C)C)C(=O)N[C@@H](CC(=O)O)C(=O)N[C@@H](CCCCN)C(=O)N[C@@H]([C@H](CC)C)C(=O)N[C@@H](C)C(=O)N[C@@H](C)C(=O)N[C@@H](CCC(=O)N)C(=O)N[C@@H](C)C(=O)N[C@@H](Cc1ccccc1)C(=O)N[C@@H]([C@H](CC)C)C(=O)N[C@@H](CCC(=O)O)C(=O)N[C@@H](Cc1ccc(O)cc1)C(=O)N[C@@H](CC(C)C)C(=O)N[C@@H](CC(C)C)C(=O)N[C@@H](CCC(=O)O)C(=O)NCC(=O)NCC(=O)N1[C@@H](CCC1)C(=O)N[C@@H](CO)C(=O)N[C@@H](CCCCN)C(=O)NCC(=O)N[C@@H](C)C(=O)N1[C@@H](CCC1)C(=O)N1[C@@H](CCC1)C(=O)N1[C@@H](CCC1)C(=O)N[C@@H](CO)C(=O)O,33,Y--Aib--Q--G--T--F--T--S--D--Y--S--I--L--L--D--K--I--A--A--Q--A--F--I--E--Y--L--L--E--G--G--P--S--K--G--A--P--P--P--S,"['N[C@@H](Cc1ccc(O)cc1)C(=O)O', 'NC(C)(C)C(=O)O', 'N[C@@H](CCC(=O)N)C(=O)O', 'NCC(=O)O', 'N[C@@H]([C@@H](C)O)C(=O)O', 'N[C@@H](Cc1ccccc1)C(=O)O', 'N[C@@H]([C@@H](C)O)C(=O)O', 'N[C@@H](CO)C(=O)O', 'N[C@@H](CC(=O)O)C(=O)O', 'N[C@@H](Cc1ccc(O)cc1)C(=O)O', 'N[C@@H](CO)C(=O)O', 'N[C@@H]([C@H](CC)C)C(=O)O', 'N[C@@H](CC(C)C)C(=O)O', 'N[C@@H](CC(C)C)C(=O)O', 'N[C@@H](CC(=O)O)C(=O)O', 'N[C@@H](CCCCN)C(=O)O', 'N[C@@H]([C@H](CC)C)C(=O)O', 'N[C@@H](C)C(=O)O', 'N[C@@H](C)C(=O)O', 'N[C@@H](CCC(=O)N)C(=O)O', 'N[C@@H](C)C(=O)O', 'N[C@@H](Cc1ccccc1)C(=O)O', 'N[C@@H]([C@H](CC)C)C(=O)O', 'N[C@@H](CCC(=O)O)C(=O)O', 'N[C@@H](Cc1ccc(O)cc1)C(=O)O', 'N[C@@H](CC(C)C)C(=O)O', 'N[C@@H](CC(C)C)C(=O)O', 'N[C@@H](CCC(=O)O)C(=O)O', 'NCC(=O)O', 'NCC(=O)O', 'N1[C@@H](CCC1)C(=O)O', 'N[C@@H](CO)C(=O)O', 'N[C@@H](CCCCN)C(=O)O', 'NCC(=O)O', 'N[C@@H](C)C(=O)O', 'N1[C@@H](CCC1)C(=O)O', 'N1[C@@H](CCC1)C(=O)O', 'N1[C@@H](CCC1)C(=O)O', 'N[C@@H](CO)C(=O)O']",39,"['Y', 'Aib', 'Q', 'G', 'T', 'F', 'T', 'S', 'D', 'Y', 'S', 'I', 'L', 'L', 'D', 'K', 'I', 'A', 'A', 'Q', 'A', 'F', 'I', 'E', 'Y', 'L', 'L', 'E', 'G', 'G', 'P', 'S', 'K*', 'G', 'A', 'P', 'P', 'P', 'S']","['N[C@@H](Cc1ccc(O)cc1)C(=O)O', 'NC(C)(C)C(=O)O', 'N[C@@H](CCC(=O)N)C(=O)O', 'NCC(=O)O', 'N[C@@H]([C@@H](C)O)C(=O)O', 'N[C@@H](Cc1ccccc1)C(=O)O', 'N[C@@H]([C@@H](C)O)C(=O)O', 'N[C@@H](CO)C(=O)O', 'N[C@@H](CC(=O)O)C(=O)O', 'N[C@@H](Cc1ccc(O)cc1)C(=O)O', 'N[C@@H](CO)C(=O)O', 'N[C@@H]([C@H](CC)C)C(=O)O', 'N[C@@H](CC(C)C)C(=O)O', 'N[C@@H](CC(C)C)C(=O)O', 'N[C@@H](CC(=O)O)C(=O)O', 'N[C@@H](CCCCN)C(=O)O', 'N[C@@H]([C@H](CC)C)C(=O)O', 'N[C@@H](C)C(=O)O', 'N[C@@H](C)C(=O)O', 'N[C@@H](CCC(=O)N)C(=O)O', 'N[C@@H](C)C(=O)O', 'N[C@@H](Cc1ccccc1)C(=O)O', 'N[C@@H]([C@H](CC)C)C(=O)O', 'N[C@@H](CCC(=O)O)C(=O)O', 'N[C@@H](Cc1ccc(O)cc1)C(=O)O', 'N[C@@H](CC(C)C)C(=O)O', 'N[C@@H](CC(C)C)C(=O)O', 'N[C@@H](CCC(=O)O)C(=O)O', 'NCC(=O)O', 'NCC(=O)O', 'N1[C@@H](CCC1)C(=O)O', 'N[C@@H](CO)C(=O)O', 'N[C@H](C(=O)O)CCCCNC(=O)COCCOCCNC(=O)COCCOCCNC(=O)CC[C@H](NC(=O)CCCCCCCCCCCCCCCCCCC(=O)O)C(=O)O', 'NCC(=O)O', 'N[C@@H](C)C(=O)O', 'N1[C@@H](CCC1)C(=O)O', 'N1[C@@H](CCC1)C(=O)O', 'N1[C@@H](CCC1)C(=O)O', 'N[C@@H](CO)C(=O)O']",tirzepatide_side,890.126,10.369612927622613,10.212342873252702,9.097499516813388,0.0427,0.0613,0.7989
Retatrutide_Backbone,1,N[C@@H](Cc1ccc(O)cc1)C(=O)NC(C)(C)C(=O)N[C@@H](CCC(=O)N)C(=O)NCC(=O)N[C@@H]([C@@H](C)O)C(=O)N[C@@H](Cc1ccccc1)C(=O)N[C@@H]([C@@H](C)O)C(=O)N[C@@H](CO)C(=O)N[C@@H](CC(=O)O)C(=O)N[C@@H](Cc1ccc(O)cc1)C(=O)N[C@@H](CO)C(=O)N[C@@H]([C@H](CC)C)C(=O)N[C@](CC(C)C)(C)C(=O)N[C@@H](CC(C)C)C(=O)N[C@@H](CC(=O)O)C(=O)N[C@@H](CCCCN)C(=O)N[C@@H](CCCCN)C(=O)N[C@@H](C)C(=O)N[C@@H](CCC(=O)N)C(=O)NC(C)(C)C(=O)N[C@@H](C)C(=O)N[C@@H](Cc1ccccc1)C(=O)N[C@@H]([C@H](CC)C)C(=O)N[C@@H](CCC(=O)O)C(=O)N[C@@H](Cc1ccc(O)cc1)C(=O)N[C@@H](CC(C)C)C(=O)N[C@@H](CC(C)C)C(=O)N[C@@H](CCC(=O)O)C(=O)NCC(=O)NCC(=O)N1[C@@H](CCC1)C(=O)N[C@@H](CO)C(=O)N[C@@H](CO)C(=O)NCC(=O)N[C@@H](C)C(=O)N1[C@@H](CCC1)C(=O)N1[C@@H](CCC1)C(=O)N1[C@@H](CCC1)C(=O)N[C@@H](CO)C(=O)O,17,Y--Aib--Q--G--T--F--T--S--D--Y--S--I--aMeL--L--D--K--K--A--Q--Aib--A--F--I--E--Y--L--L--E--G--G--P--S--S--G--A--P--P--P--S,"['N[C@@H](Cc1ccc(O)cc1)C(=O)O', 'NC(C)(C)C(=O)O', 'N[C@@H](CCC(=O)N)C(=O)O', 'NCC(=O)O', 'N[C@@H]([C@@H](C)O)C(=O)O', 'N[C@@H](Cc1ccccc1)C(=O)O', 'N[C@@H]([C@@H](C)O)C(=O)O', 'N[C@@H](CO)C(=O)O', 'N[C@@H](CC(=O)O)C(=O)O', 'N[C@@H](Cc1ccc(O)cc1)C(=O)O', 'N[C@@H](CO)C(=O)O', 'N[C@@H]([C@H](CC)C)C(=O)O', 'N[C@](CC(C)C)(C)C(=O)O', 'N[C@@H](CC(C)C)C(=O)O', 'N[C@@H](CC(=O)O)C(=O)O', 'N[C@@H](CCCCN)C(=O)O', 'N[C@@H](CCCCN)C(=O)O', 'N[C@@H](C)C(=O)O', 'N[C@@H](CCC(=O)N)C(=O)O', 'NC(C)(C)C(=O)O', 'N[C@@H](C)C(=O)O', 'N[C@@H](Cc1ccccc1)C(=O)O', 'N[C@@H]([C@H](CC)C)C(=O)O', 'N[C@@H](CCC(=O)O)C(=O)O', 'N[C@@H](Cc1ccc(O)cc1)C(=O)O', 'N[C@@H](CC(C)C)C(=O)O', 'N[C@@H](CC(C)C)C(=O)O', 'N[C@@H](CCC(=O)O)C(=O)O', 'NCC(=O)O', 'NCC(=O)O', 'N1[C@@H](CCC1)C(=O)O', 'N[C@@H](CO)C(=O)O', 'N[C@@H](CO)C(=O)O', 'NCC(=O)O', 'N[C@@H](C)C(=O)O', 'N1[C@@H](CCC1)C(=O)O', 'N1[C@@H](CCC1)C(=O)O', 'N1[C@@H](CCC1)C(=O)O', 'N[C@@H](CO)C(=O)O']",39,"['Y', 'Aib', 'Q', 'G', 'T', 'F', 'T', 'S', 'D', 'Y', 'S', 'I', 'aMeL', 'L', 'D', 'K', 'K*', 'A', 'Q', 'Aib', 'A', 'F', 'I', 'E', 'Y', 'L', 'L', 'E', 'G', 'G', 'P', 'S', 'S', 'G', 'A', 'P', 'P', 'P', 'S']","['N[C@@H](Cc1ccc(O)cc1)C(=O)O', 'NC(C)(C)C(=O)O', 'N[C@@H](CCC(=O)N)C(=O)O', 'NCC(=O)O', 'N[C@@H]([C@@H](C)O)C(=O)O', 'N[C@@H](Cc1ccccc1)C(=O)O', 'N[C@@H]([C@@H](C)O)C(=O)O', 'N[C@@H](CO)C(=O)O', 'N[C@@H](CC(=O)O)C(=O)O', 'N[C@@H](Cc1ccc(O)cc1)C(=O)O', 'N[C@@H](CO)C(=O)O', 'N[C@@H]([C@H](CC)C)C(=O)O', 'N[C@](CC(C)C)(C)C(=O)O', 'N[C@@H](CC(C)C)C(=O)O', 'N[C@@H](CC(=O)O)C(=O)O', 'N[C@@H](CCCCN)C(=O)O', 'N[C@H](C(=O)O)CCCCNC(=O)COCCOCCNC(=O)COCCOCCNC(=O)CC[C@H](NC(=O)CCCCCCCCCCCCCCCCCCC(=O)O)C(=O)O', 'N[C@@H](C)C(=O)O', 'N[C@@H](CCC(=O)N)C(=O)O', 'NC(C)(C)C(=O)O', 'N[C@@H](C)C(=O)O', 'N[C@@H](Cc1ccccc1)C(=O)O', 'N[C@@H]([C@H](CC)C)C(=O)O', 'N[C@@H](CCC(=O)O)C(=O)O', 'N[C@@H](Cc1ccc(O)cc1)C(=O)O', 'N[C@@H](CC(C)C)C(=O)O', 'N[C@@H](CC(C)C)C(=O)O', 'N[C@@H](CCC(=O)O)C(=O)O', 'NCC(=O)O', 'NCC(=O)O', 'N1[C@@H](CCC1)C(=O)O', 'N[C@@H](CO)C(=O)O', 'N[C@@H](CO)C(=O)O', 'NCC(=O)O', 'N[C@@H](C)C(=O)O', 'N1[C@@H](CCC1)C(=O)O', 'N1[C@@H](CCC1)C(=O)O', 'N1[C@@H](CCC1)C(=O)O', 'N[C@@H](CO)C(=O)O']",tirzepatide_side,890.126,10.288449971574003,9.734823893952385,8.859204957876072,0.0515,0.1842,1.3829
Retatrutide_Backbone,1,N[C@@H](Cc1ccc(O)cc1)C(=O)NC(C)(C)C(=O)N[C@@H](CCC(=O)N)C(=O)NCC(=O)N[C@@H]([C@@H](C)O)C(=O)N[C@@H](Cc1ccccc1)C(=O)N[C@@H]([C@@H](C)O)C(=O)N[C@@H](CO)C(=O)N[C@@H](CC(=O)O)C(=O)N[C@@H](Cc1ccc(O)cc1)C(=O)N[C@@H](CO)C(=O)N[C@@H]([C@H](CC)C)C(=O)N[C@](CC(C)C)(C)C(=O)N[C@@H](CC(C)C)C(=O)N[C@@H](CC(=O)O)C(=O)N[C@@H](CCCCN)C(=O)N[C@@H](CCCCN)C(=O)N[C@@H](C)C(=O)N[C@@H](CCC(=O)N)C(=O)NC(C)(C)C(=O)N[C@@H](C)C(=O)N[C@@H](Cc1ccccc1)C(=O)N[C@@H]([C@H](CC)C)C(=O)N[C@@H](CCC(=O)O)C(=O)N[C@@H](Cc1ccc(O)cc1)C(=O)N[C@@H](CC(C)C)C(=O)N[C@@H](CC(C)C)C(=O)N[C@@H](CCC(=O)O)C(=O)NCC(=O)NCC(=O)N1[C@@H](CCC1)C(=O)N[C@@H](CO)C(=O)N[C@@H](CO)C(=O)NCC(=O)N[C@@H](C)C(=O)N1[C@@H](CCC1)C(=O)N1[C@@H](CCC1)C(=O)N1[C@@H](CCC1)C(=O)N[C@@H](CO)C(=O)O,17,Y--Aib--Q--G--T--F--T--S--D--Y--S--I--aMeL--L--D--K--K--A--Q--Aib--A--F--I--E--Y--L--L--E--G--G--P--S--S--G--A--P--P--P--S,"['N[C@@H](Cc1ccc(O)cc1)C(=O)O', 'NC(C)(C)C(=O)O', 'N[C@@H](CCC(=O)N)C(=O)O', 'NCC(=O)O', 'N[C@@H]([C@@H](C)O)C(=O)O', 'N[C@@H](Cc1ccccc1)C(=O)O', 'N[C@@H]([C@@H](C)O)C(=O)O', 'N[C@@H](CO)C(=O)O', 'N[C@@H](CC(=O)O)C(=O)O', 'N[C@@H](Cc1ccc(O)cc1)C(=O)O', 'N[C@@H](CO)C(=O)O', 'N[C@@H]([C@H](CC)C)C(=O)O', 'N[C@](CC(C)C)(C)C(=O)O', 'N[C@@H](CC(C)C)C(=O)O', 'N[C@@H](CC(=O)O)C(=O)O', 'N[C@@H](CCCCN)C(=O)O', 'N[C@@H](CCCCN)C(=O)O', 'N[C@@H](C)C(=O)O', 'N[C@@H](CCC(=O)N)C(=O)O', 'NC(C)(C)C(=O)O', 'N[C@@H](C)C(=O)O', 'N[C@@H](Cc1ccccc1)C(=O)O', 'N[C@@H]([C@H](CC)C)C(=O)O', 'N[C@@H](CCC(=O)O)C(=O)O', 'N[C@@H](Cc1ccc(O)cc1)C(=O)O', 'N[C@@H](CC(C)C)C(=O)O', 'N[C@@H](CC(C)C)C(=O)O', 'N[C@@H](CCC(=O)O)C(=O)O', 'NCC(=O)O', 'NCC(=O)O', 'N1[C@@H](CCC1)C(=O)O', 'N[C@@H](CO)C(=O)O', 'N[C@@H](CO)C(=O)O', 'NCC(=O)O', 'N[C@@H](C)C(=O)O', 'N1[C@@H](CCC1)C(=O)O', 'N1[C@@H](CCC1)C(=O)O', 'N1[C@@H](CCC1)C(=O)O', 'N[C@@H](CO)C(=O)O']",39,"['Y', 'Aib', 'Q', 'G', 'T', 'F', 'T', 'S', 'D', 'Y', 'S', 'I', 'aMeL', 'L', 'D', 'K', 'K*', 'A', 'Q', 'Aib', 'A', 'F', 'I', 'E', 'Y', 'L', 'L', 'E', 'G', 'G', 'P', 'S', 'S', 'G', 'A', 'P', 'P', 'P', 'S']","['N[C@@H](Cc1ccc(O)cc1)C(=O)O', 'NC(C)(C)C(=O)O', 'N[C@@H](CCC(=O)N)C(=O)O', 'NCC(=O)O', 'N[C@@H]([C@@H](C)O)C(=O)O', 'N[C@@H](Cc1ccccc1)C(=O)O', 'N[C@@H]([C@@H](C)O)C(=O)O', 'N[C@@H](CO)C(=O)O', 'N[C@@H](CC(=O)O)C(=O)O', 'N[C@@H](Cc1ccc(O)cc1)C(=O)O', 'N[C@@H](CO)C(=O)O', 'N[C@@H]([C@H](CC)C)C(=O)O', 'N[C@](CC(C)C)(C)C(=O)O', 'N[C@@H](CC(C)C)C(=O)O', 'N[C@@H](CC(=O)O)C(=O)O', 'N[C@@H](CCCCN)C(=O)O', 'N[C@H](C(=O)O)CCCCNC(=O)COCCOCCNC(=O)CC[C@H](NC(=O)CCCCCCCCCCCCCCCCCCC(=O)O)C(=O)O', 'N[C@@H](C)C(=O)O', 'N[C@@H](CCC(=O)N)C(=O)O', 'NC(C)(C)C(=O)O', 'N[C@@H](C)C(=O)O', 'N[C@@H](Cc1ccccc1)C(=O)O', 'N[C@@H]([C@H](CC)C)C(=O)O', 'N[C@@H](CCC(=O)O)C(=O)O', 'N[C@@H](Cc1ccc(O)cc1)C(=O)O', 'N[C@@H](CC(C)C)C(=O)O', 'N[C@@H](CC(C)C)C(=O)O', 'N[C@@H](CCC(=O)O)C(=O)O', 'NCC(=O)O', 'NCC(=O)O', 'N1[C@@H](CCC1)C(=O)O', 'N[C@@H](CO)C(=O)O', 'N[C@@H](CO)C(=O)O', 'NCC(=O)O', 'N[C@@H](C)C(=O)O', 'N1[C@@H](CCC1)C(=O)O', 'N1[C@@H](CCC1)C(=O)O', 'N1[C@@H](CCC1)C(=O)O', 'N[C@@H](CO)C(=O)O']",retatrutide_side,744.968,10.41015757225386,9.863043525843631,9.030958893160438,0.0389,0.1371,0.9312
Retatrutide_Backbone,1,N[C@@H](Cc1ccc(O)cc1)C(=O)NC(C)(C)C(=O)N[C@@H](CCC(=O)N)C(=O)NCC(=O)N[C@@H]([C@@H](C)O)C(=O)N[C@@H](Cc1ccccc1)C(=O)N[C@@H]([C@@H](C)O)C(=O)N[C@@H](CO)C(=O)N[C@@H](CC(=O)O)C(=O)N[C@@H](Cc1ccc(O)cc1)C(=O)N[C@@H](CO)C(=O)N[C@@H]([C@H](CC)C)C(=O)N[C@](CC(C)C)(C)C(=O)N[C@@H](CC(C)C)C(=O)N[C@@H](CC(=O)O)C(=O)N[C@@H](CCCCN)C(=O)N[C@@H](CCCCN)C(=O)N[C@@H](C)C(=O)N[C@@H](CCC(=O)N)C(=O)NC(C)(C)C(=O)N[C@@H](C)C(=O)N[C@@H](Cc1ccccc1)C(=O)N[C@@H]([C@H](CC)C)C(=O)N[C@@H](CCC(=O)O)C(=O)N[C@@H](Cc1ccc(O)cc1)C(=O)N[C@@H](CC(C)C)C(=O)N[C@@H](CC(C)C)C(=O)N[C@@H](CCC(=O)O)C(=O)NCC(=O)NCC(=O)N1[C@@H](CCC1)C(=O)N[C@@H](CO)C(=O)N[C@@H](CO)C(=O)NCC(=O)N[C@@H](C)C(=O)N1[C@@H](CCC1)C(=O)N1[C@@H](CCC1)C(=O)N1[C@@H](CCC1)C(=O)N[C@@H](CO)C(=O)O,17,Y--Aib--Q--G--T--F--T--S--D--Y--S--I--aMeL--L--D--K--K--A--Q--Aib--A--F--I--E--Y--L--L--E--G--G--P--S--S--G--A--P--P--P--S,"['N[C@@H](Cc1ccc(O)cc1)C(=O)O', 'NC(C)(C)C(=O)O', 'N[C@@H](CCC(=O)N)C(=O)O', 'NCC(=O)O', 'N[C@@H]([C@@H](C)O)C(=O)O', 'N[C@@H](Cc1ccccc1)C(=O)O', 'N[C@@H]([C@@H](C)O)C(=O)O', 'N[C@@H](CO)C(=O)O', 'N[C@@H](CC(=O)O)C(=O)O', 'N[C@@H](Cc1ccc(O)cc1)C(=O)O', 'N[C@@H](CO)C(=O)O', 'N[C@@H]([C@H](CC)C)C(=O)O', 'N[C@](CC(C)C)(C)C(=O)O', 'N[C@@H](CC(C)C)C(=O)O', 'N[C@@H](CC(=O)O)C(=O)O', 'N[C@@H](CCCCN)C(=O)O', 'N[C@@H](CCCCN)C(=O)O', 'N[C@@H](C)C(=O)O', 'N[C@@H](CCC(=O)N)C(=O)O', 'NC(C)(C)C(=O)O', 'N[C@@H](C)C(=O)O', 'N[C@@H](Cc1ccccc1)C(=O)O', 'N[C@@H]([C@H](CC)C)C(=O)O', 'N[C@@H](CCC(=O)O)C(=O)O', 'N[C@@H](Cc1ccc(O)cc1)C(=O)O', 'N[C@@H](CC(C)C)C(=O)O', 'N[C@@H](CC(C)C)C(=O)O', 'N[C@@H](CCC(=O)O)C(=O)O', 'NCC(=O)O', 'NCC(=O)O', 'N1[C@@H](CCC1)C(=O)O', 'N[C@@H](CO)C(=O)O', 'N[C@@H](CO)C(=O)O', 'NCC(=O)O', 'N[C@@H](C)C(=O)O', 'N1[C@@H](CCC1)C(=O)O', 'N1[C@@H](CCC1)C(=O)O', 'N1[C@@H](CCC1)C(=O)O', 'N[C@@H](CO)C(=O)O']",39,"['Y', 'Aib', 'Q', 'G', 'T', 'F', 'T', 'S', 'D', 'Y', 'S', 'I', 'aMeL', 'L', 'D', 'K', 'K*', 'A', 'Q', 'Aib', 'A', 'F', 'I', 'E', 'Y', 'L', 'L', 'E', 'G', 'G', 'P', 'S', 'S', 'G', 'A', 'P', 'P', 'P', 'S']","['N[C@@H](Cc1ccc(O)cc1)C(=O)O', 'NC(C)(C)C(=O)O', 'N[C@@H](CCC(=O)N)C(=O)O', 'NCC(=O)O', 'N[C@@H]([C@@H](C)O)C(=O)O', 'N[C@@H](Cc1ccccc1)C(=O)O', 'N[C@@H]([C@@H](C)O)C(=O)O', 'N[C@@H](CO)C(=O)O', 'N[C@@H](CC(=O)O)C(=O)O', 'N[C@@H](Cc1ccc(O)cc1)C(=O)O', 'N[C@@H](CO)C(=O)O', 'N[C@@H]([C@H](CC)C)C(=O)O', 'N[C@](CC(C)C)(C)C(=O)O', 'N[C@@H](CC(C)C)C(=O)O', 'N[C@@H](CC(=O)O)C(=O)O', 'N[C@@H](CCCCN)C(=O)O', 'N[C@H](C(=O)O)CCCCNC(=O)COCCOCCNC(=O)COCCOCCNC(=O)CC[C@@H](NC(=O)CCCCCCCCCCCCCCCCC(=O)O)C(=O)O', 'N[C@@H](C)C(=O)O', 'N[C@@H](CCC(=O)N)C(=O)O', 'NC(C)(C)C(=O)O', 'N[C@@H](C)C(=O)O', 'N[C@@H](Cc1ccccc1)C(=O)O', 'N[C@@H]([C@H](CC)C)C(=O)O', 'N[C@@H](CCC(=O)O)C(=O)O', 'N[C@@H](Cc1ccc(O)cc1)C(=O)O', 'N[C@@H](CC(C)C)C(=O)O', 'N[C@@H](CC(C)C)C(=O)O', 'N[C@@H](CCC(=O)O)C(=O)O', 'NCC(=O)O', 'NCC(=O)O', 'N1[C@@H](CCC1)C(=O)O', 'N[C@@H](CO)C(=O)O', 'N[C@@H](CO)C(=O)O', 'NCC(=O)O', 'N[C@@H](C)C(=O)O', 'N1[C@@H](CCC1)C(=O)O', 'N1[C@@H](CCC1)C(=O)O', 'N1[C@@H](CCC1)C(=O)O', 'N[C@@H](CO)C(=O)O']",semaglutide_side,862.0141,10.254327948247083,9.713316067077617,8.781201896575103,0.0557,0.1935,1.655
